{
  "leftright": [
    [
      0,
      0,
      1,
      0,
      1,
      0.25,
      0,
      0.25
    ],
    [
      0,
      0.75,
      1,
      0.75,
      1,
      1,
      0,
      1
    ]
  ],
  "updown": [
    [
      0,
      0,
      0.33333,
      0,
      0.33333,
      1,
      0,
      1
    ],
    [
      0.66667,
      0,
      1,
      0,
      1,
      1,
      0.66667,
      1
    ]
  ],
  "leftup": [
    [
      0,
      0,
      1,
      0,
      1,
      1,
      0.66667,
      1,
      0.66667,
      0.25,
      0,
      0.25,
      0,
      1
    ],
    [
      0,
      0.75,
      0.33333,
      0.75,
      0.33333,
      1,
      0,
      1
    ]
  ],
  "leftdown": [
    [
      0,
      0,
      0.33333,
      0,
      0.33333,
      0.25,
      0,
      0.25
    ],
    [
      0,
      0.75,
      0.66667,
      0.75,
      0.66667,
      0,
      1,
      0,
      1,
      1,
      0,
      1
    ]
  ],
  "rightup": [
    [
      0,
      0,
      1,
      0,
      1,
      0.25,
      0.33333,
      0.25,
      0.33333,
      1,
      0,
      1
    ],
    [
      0.66667,
      0.75,
      1,
      0.75,
      1,
      1,
      0.66667,
      1
    ]
  ],
  "rightdown": [
    [
      0,
      0,
      0.33333,
      0,
      0.33333,
      0.75,
      1,
      0.75,
      1,
      1,
      0,
      1
    ],
    [
      0.66667,
      0,
      1,
      0,
      1,
      0.25,
      0.66667,
      0.25
    ]
  ],
  "leftrightup": [
    [
      0,
      0.75,
      0.33333,
      0.75,
      0.33333,
      1,
      0,
      1
    ],
    [
      0.66667,
      0.75,
      1,
      0.75,
      1,
      1,
      0.66667,
      1
    ],
    [
      0,
      0,
      1,
      0,
      1,
      0.25,
      0,
      0.25
    ]
  ],
  "leftrightdown": [
    [
      0,
      0,
      0.33333,
      0,
      0.33333,
      0.25,
      0,
      0.25
    ],
    [
      0.66667,
      0,
      1,
      0,
      1,
      0.25,
      0.66667,
      0.25
    ],
    [
      0,
      0.75,
      1,
      0.75,
      1,
      1,
      0,
      1
    ]
  ],
  "leftupdown": [
    [
      0,
      0,
      0.33333,
      0,
      0.33333,
      0.25,
      0,
      0.25
    ],
    [
      0,
      0.75,
      0.33333,
      0.75,
      0.33333,
      1,
      0,
      1
    ],
    [
      0.66667,
      0,
      1,
      0,
      1,
      1,
      0.66667,
      1
    ]
  ],
  "rightupdown": [
    [
      0.66667,
      0.75,
      1,
      0.75,
      1,
      1,
      0.66667,
      1
    ],
    [
      0.66667,
      0,
      1,
      0,
      1,
      0.25,
      0.66667,
      0.25
    ],
    [
      0,
      0,
      0.33333,
      0,
      0.33333,
      1,
      0,
      1
    ]
  ],
  "leftrightupdown": [
    [
      0.66667,
      0.75,
      1,
      0.75,
      1,
      1,
      0.66667,
      1
    ],
    [
      0.66667,
      0,
      1,
      0,
      1,
      0.25,
      0.66667,
      0.25
    ],
    [
      0,
      0,
      0.33333,
      0,
      0.33333,
      0.25,
      0,
      0.25
    ],
    [
      0,
      0.75,
      0.33333,
      0.75,
      0.33333,
      1,
      0,
      1
    ]
  ]
}
